,method,time,lineages
0,MD-Cat+CASTLES-Pro,-2.842170943040401e-14,2
1,MD-Cat+CASTLES-Pro,31.00829999999997,3
2,MD-Cat+CASTLES-Pro,58.25379999999997,4
3,MD-Cat+CASTLES-Pro,58.39999999999997,5
4,MD-Cat+CASTLES-Pro,58.53789999999997,6
5,MD-Cat+CASTLES-Pro,58.57789999999997,7
6,MD-Cat+CASTLES-Pro,58.87769999999997,8
7,MD-Cat+CASTLES-Pro,59.094299999999976,9
8,MD-Cat+CASTLES-Pro,59.178999999999974,10
9,MD-Cat+CASTLES-Pro,59.19209999999997,11
10,MD-Cat+CASTLES-Pro,59.291199999999975,12
11,MD-Cat+CASTLES-Pro,59.52909999999998,13
12,MD-Cat+CASTLES-Pro,59.54129999999997,14
13,MD-Cat+CASTLES-Pro,59.70599999999998,15
14,MD-Cat+CASTLES-Pro,59.874999999999964,16
15,MD-Cat+CASTLES-Pro,60.12289999999998,17
16,MD-Cat+CASTLES-Pro,60.44719999999998,18
17,MD-Cat+CASTLES-Pro,60.53609999999997,19
18,MD-Cat+CASTLES-Pro,60.968999999999966,20
19,MD-Cat+CASTLES-Pro,61.214299999999966,21
20,MD-Cat+CASTLES-Pro,61.31409999999997,22
21,MD-Cat+CASTLES-Pro,61.35999999999998,23
22,MD-Cat+CASTLES-Pro,61.43119999999997,24
23,MD-Cat+CASTLES-Pro,61.501199999999976,25
24,MD-Cat+CASTLES-Pro,62.03359999999997,26
25,MD-Cat+CASTLES-Pro,62.21359999999997,27
26,MD-Cat+CASTLES-Pro,62.23389999999996,28
27,MD-Cat+CASTLES-Pro,62.42029999999996,29
28,MD-Cat+CASTLES-Pro,62.84649999999996,30
29,MD-Cat+CASTLES-Pro,63.20029999999997,31
30,MD-Cat+CASTLES-Pro,65.28119999999998,32
31,MD-Cat+CASTLES-Pro,65.56959999999998,33
32,MD-Cat+CASTLES-Pro,65.90589999999997,34
33,MD-Cat+CASTLES-Pro,66.26129999999996,35
34,MD-Cat+CASTLES-Pro,66.52139999999997,36
35,MD-Cat+CASTLES-Pro,66.66389999999997,37
36,MD-Cat+CASTLES-Pro,66.99929999999998,38
37,MD-Cat+CASTLES-Pro,67.10369999999998,39
38,MD-Cat+CASTLES-Pro,67.25579999999997,40
39,MD-Cat+CASTLES-Pro,67.37119999999997,41
40,MD-Cat+CASTLES-Pro,67.46129999999997,42
41,MD-Cat+CASTLES-Pro,69.09999999999998,43
42,MD-Cat+CASTLES-Pro,69.28459999999997,44
43,MD-Cat+CASTLES-Pro,69.40119999999997,45
44,MD-Cat+CASTLES-Pro,69.49899999999997,46
45,MD-Cat+CASTLES-Pro,69.55049999999997,47
46,MD-Cat+CASTLES-Pro,70.10439999999997,48
47,MD-Cat+CASTLES-Pro,70.60129999999997,49
48,MD-Cat+CASTLES-Pro,70.60129999999998,50
49,MD-Cat+CASTLES-Pro,70.67119999999997,51
50,MD-Cat+CASTLES-Pro,70.76009999999997,52
51,MD-Cat+CASTLES-Pro,71.32609999999997,53
52,MD-Cat+CASTLES-Pro,71.45119999999997,54
53,MD-Cat+CASTLES-Pro,72.30599999999997,55
54,MD-Cat+CASTLES-Pro,72.69989999999997,56
55,MD-Cat+CASTLES-Pro,73.07139999999997,57
56,MD-Cat+CASTLES-Pro,74.00219999999997,58
57,MD-Cat+CASTLES-Pro,74.12029999999997,59
58,MD-Cat+CASTLES-Pro,74.19479999999997,60
59,MD-Cat+CASTLES-Pro,74.27109999999998,61
60,MD-Cat+CASTLES-Pro,74.68119999999998,62
61,MD-Cat+CASTLES-Pro,77.22059999999998,63
62,MD-Cat+CASTLES-Pro,77.46139999999997,64
63,MD-Cat+CASTLES-Pro,81.55399999999997,65
64,MD-Cat+CASTLES-Pro,82.44079999999997,66
65,MD-Cat+CASTLES-Pro,82.76629999999997,67
66,MD-Cat+CASTLES-Pro,83.86189999999996,68
67,MD-Cat+CASTLES-Pro,86.28159999999997,69
68,MD-Cat+CASTLES-Pro,87.30119999999998,70
69,MD-Cat+CASTLES-Pro,87.80369999999998,71
70,MD-Cat+CASTLES-Pro,88.78119999999997,72
71,MD-Cat+CASTLES-Pro,89.12879999999998,73
72,MD-Cat+CASTLES-Pro,89.38399999999997,74
73,MD-Cat+CASTLES-Pro,91.00129999999997,75
74,MD-Cat+CASTLES-Pro,91.70719999999997,76
75,MD-Cat+CASTLES-Pro,91.88129999999997,77
76,MD-Cat+CASTLES-Pro,93.11129999999997,78
77,MD-Cat+CASTLES-Pro,93.30129999999998,79
78,MD-Cat+CASTLES-Pro,93.40559999999996,80
79,MD-Cat+CASTLES-Pro,93.70089999999998,81
80,MD-Cat+CASTLES-Pro,93.90359999999998,82
81,MD-Cat+CASTLES-Pro,94.19769999999998,83
82,MD-Cat+CASTLES-Pro,94.20639999999999,84
83,MD-Cat+CASTLES-Pro,94.45659999999998,85
84,MD-Cat+CASTLES-Pro,94.48339999999996,86
85,MD-Cat+CASTLES-Pro,94.68699999999998,87
86,MD-Cat+CASTLES-Pro,94.78169999999997,88
87,MD-Cat+CASTLES-Pro,94.81139999999998,89
88,MD-Cat+CASTLES-Pro,94.81469999999999,90
89,MD-Cat+CASTLES-Pro,94.88359999999996,91
90,MD-Cat+CASTLES-Pro,95.09439999999998,92
91,MD-Cat+CASTLES-Pro,95.10709999999999,93
92,MD-Cat+CASTLES-Pro,95.25049999999999,94
93,MD-Cat+CASTLES-Pro,95.67479999999998,95
94,MD-Cat+CASTLES-Pro,95.70149999999998,96
95,MD-Cat+CASTLES-Pro,96.07939999999999,97
96,MD-Cat+CASTLES-Pro,96.24109999999997,98
97,MD-Cat+CASTLES-Pro,96.3611,99
98,MD-Cat+CASTLES-Pro,96.46179999999997,100
99,MD-Cat+CASTLES-Pro,96.6805,101
100,MD-Cat+CASTLES-Pro,96.84909999999996,102
101,MD-Cat+CASTLES-Pro,96.96739999999997,103
102,MD-Cat+CASTLES-Pro,97.02739999999997,104
103,MD-Cat+CASTLES-Pro,97.07279999999997,105
104,MD-Cat+CASTLES-Pro,97.15349999999998,106
105,MD-Cat+CASTLES-Pro,97.25039999999997,107
106,MD-Cat+CASTLES-Pro,97.39779999999998,108
107,MD-Cat+CASTLES-Pro,97.41699999999997,109
108,MD-Cat+CASTLES-Pro,97.48279999999997,110
109,MD-Cat+CASTLES-Pro,97.83299999999997,111
110,MD-Cat+CASTLES-Pro,98.02209999999997,112
111,MD-Cat+CASTLES-Pro,98.15149999999997,113
112,MD-Cat+CASTLES-Pro,98.31949999999998,114
113,MD-Cat+CASTLES-Pro,98.37909999999998,115
114,MD-Cat+CASTLES-Pro,98.47219999999997,116
115,MD-Cat+CASTLES-Pro,98.58059999999998,117
116,MD-Cat+CASTLES-Pro,98.65329999999997,118
117,MD-Cat+CASTLES-Pro,98.87369999999997,119
118,MD-Cat+CASTLES-Pro,99.08219999999997,120
119,MD-Cat+CASTLES-Pro,99.13269999999997,121
120,MD-Cat+CASTLES-Pro,99.21719999999999,122
121,MD-Cat+CASTLES-Pro,99.23679999999997,123
122,MD-Cat+CASTLES-Pro,99.31029999999997,124
123,MD-Cat+CASTLES-Pro,99.37129999999998,125
124,MD-Cat+CASTLES-Pro,99.46129999999997,126
125,MD-Cat+CASTLES-Pro,99.51059999999997,127
126,MD-Cat+CASTLES-Pro,99.67689999999997,128
127,MD-Cat+CASTLES-Pro,99.67859999999999,129
128,MD-Cat+CASTLES-Pro,99.78789999999998,130
129,MD-Cat+CASTLES-Pro,99.85479999999997,131
130,MD-Cat+CASTLES-Pro,99.86989999999997,132
131,MD-Cat+CASTLES-Pro,100.3864,133
132,MD-Cat+CASTLES-Pro,100.44029999999998,134
133,MD-Cat+CASTLES-Pro,100.51129999999999,135
134,MD-Cat+CASTLES-Pro,100.61559999999997,136
135,MD-Cat+CASTLES-Pro,101.03119999999997,137
136,MD-Cat+CASTLES-Pro,101.22789999999996,138
137,MD-Cat+CASTLES-Pro,101.24799999999996,139
138,MD-Cat+CASTLES-Pro,101.28629999999997,140
139,MD-Cat+CASTLES-Pro,101.50579999999997,141
140,MD-Cat+CASTLES-Pro,101.56099999999999,142
141,MD-Cat+CASTLES-Pro,101.71279999999997,143
142,MD-Cat+CASTLES-Pro,101.73259999999996,144
143,MD-Cat+CASTLES-Pro,101.75259999999997,145
144,MD-Cat+CASTLES-Pro,101.77159999999996,146
145,MD-Cat+CASTLES-Pro,101.86189999999996,147
146,MD-Cat+CASTLES-Pro,101.95319999999997,149
147,MD-Cat+CASTLES-Pro,101.96219999999998,150
148,MD-Cat+CASTLES-Pro,101.98069999999998,151
149,MD-Cat+CASTLES-Pro,101.98279999999998,152
150,MD-Cat+CASTLES-Pro,102.07099999999997,153
151,MD-Cat+CASTLES-Pro,102.07629999999996,154
152,MD-Cat+CASTLES-Pro,102.11659999999996,155
153,MD-Cat+CASTLES-Pro,102.18469999999998,156
154,MD-Cat+CASTLES-Pro,102.18489999999998,157
155,MD-Cat+CASTLES-Pro,102.25989999999997,158
156,MD-Cat+CASTLES-Pro,102.29639999999996,159
157,MD-Cat+CASTLES-Pro,102.29999999999997,160
158,MD-Cat+CASTLES-Pro,102.35889999999999,161
159,MD-Cat+CASTLES-Pro,102.38229999999999,162
160,MD-Cat+CASTLES-Pro,102.39979999999997,163
161,MD-Cat+CASTLES-Pro,102.41779999999996,164
162,MD-Cat+CASTLES-Pro,102.43539999999999,165
163,MD-Cat+CASTLES-Pro,102.54939999999996,166
164,MD-Cat+CASTLES-Pro,102.70929999999996,167
165,MD-Cat+CASTLES-Pro,102.78239999999998,168
166,MD-Cat+CASTLES-Pro,102.95229999999998,169
167,MD-Cat+CASTLES-Pro,102.95409999999997,170
168,MD-Cat+CASTLES-Pro,103.00049999999996,171
169,MD-Cat+CASTLES-Pro,103.16599999999997,172
170,MD-Cat+CASTLES-Pro,103.18119999999998,173
171,MD-Cat+CASTLES-Pro,103.20739999999998,174
172,MD-Cat+CASTLES-Pro,103.21559999999998,175
173,MD-Cat+CASTLES-Pro,103.21699999999997,176
174,MD-Cat+CASTLES-Pro,103.21909999999997,177
175,MD-Cat+CASTLES-Pro,103.48179999999996,178
176,MD-Cat+CASTLES-Pro,103.48249999999999,179
177,MD-Cat+CASTLES-Pro,103.60079999999996,180
178,MD-Cat+CASTLES-Pro,103.63039999999998,181
179,MD-Cat+CASTLES-Pro,103.67029999999998,182
180,MD-Cat+CASTLES-Pro,103.68579999999996,183
181,MD-Cat+CASTLES-Pro,103.88019999999997,184
182,MD-Cat+CASTLES-Pro,103.88569999999997,185
183,MD-Cat+CASTLES-Pro,103.9784,186
184,MD-Cat+CASTLES-Pro,103.98049999999998,187
185,MD-Cat+CASTLES-Pro,104.09749999999995,188
186,MD-Cat+CASTLES-Pro,104.12689999999996,189
187,MD-Cat+CASTLES-Pro,104.15719999999997,190
188,MD-Cat+CASTLES-Pro,104.54129999999998,191
189,MD-Cat+CASTLES-Pro,104.61019999999996,192
190,MD-Cat+CASTLES-Pro,104.72759999999997,193
191,MD-Cat+CASTLES-Pro,104.74699999999999,194
192,MD-Cat+CASTLES-Pro,104.88539999999996,195
193,MD-Cat+CASTLES-Pro,104.94239999999998,196
194,MD-Cat+CASTLES-Pro,105.04129999999998,197
195,MD-Cat+CASTLES-Pro,105.06529999999997,198
196,MD-Cat+CASTLES-Pro,105.09559999999999,199
197,MD-Cat+CASTLES-Pro,105.10029999999998,200
198,MD-Cat+CASTLES-Pro,105.18799999999997,201
199,MD-Cat+CASTLES-Pro,105.28579999999997,202
200,MD-Cat+CASTLES-Pro,105.41969999999999,203
201,MD-Cat+CASTLES-Pro,105.44169999999997,204
202,MD-Cat+CASTLES-Pro,105.58129999999996,205
203,MD-Cat+CASTLES-Pro,105.66619999999998,206
204,MD-Cat+CASTLES-Pro,105.80039999999997,207
205,MD-Cat+CASTLES-Pro,105.83069999999996,208
206,MD-Cat+CASTLES-Pro,105.84649999999996,209
207,MD-Cat+CASTLES-Pro,106.11979999999997,210
208,MD-Cat+CASTLES-Pro,106.12069999999997,211
209,MD-Cat+CASTLES-Pro,106.2914,212
210,MD-Cat+CASTLES-Pro,106.59349999999996,213
211,MD-Cat+CASTLES-Pro,106.88369999999998,214
212,MD-Cat+CASTLES-Pro,106.92299999999997,215
213,MD-Cat+CASTLES-Pro,107.1926,216
214,MD-Cat+CASTLES-Pro,107.19519999999996,217
215,MD-Cat+CASTLES-Pro,107.24949999999997,218
216,MD-Cat+CASTLES-Pro,107.33689999999997,219
217,MD-Cat+CASTLES-Pro,107.35249999999998,220
218,MD-Cat+CASTLES-Pro,107.43549999999996,221
219,MD-Cat+CASTLES-Pro,107.50049999999999,222
220,MD-Cat+CASTLES-Pro,107.63029999999996,223
221,MD-Cat+CASTLES-Pro,107.76129999999998,224
222,MD-Cat+CASTLES-Pro,107.79019999999997,225
223,MD-Cat+CASTLES-Pro,107.8435,226
224,MD-Cat+CASTLES-Pro,107.85069999999997,227
225,MD-Cat+CASTLES-Pro,107.88429999999998,228
226,MD-Cat+CASTLES-Pro,108.03739999999998,229
227,MD-Cat+CASTLES-Pro,108.10579999999999,230
228,MD-Cat+CASTLES-Pro,108.30389999999997,231
229,MD-Cat+CASTLES-Pro,108.43799999999999,232
230,MD-Cat+CASTLES-Pro,108.52879999999999,233
231,MD-Cat+CASTLES-Pro,108.63689999999997,234
232,MD-Cat+CASTLES-Pro,108.69809999999997,235
233,MD-Cat+CASTLES-Pro,108.82979999999996,236
234,MD-Cat+CASTLES-Pro,108.99069999999998,237
235,MD-Cat+CASTLES-Pro,109.05969999999998,238
236,MD-Cat+CASTLES-Pro,109.06069999999997,239
237,MD-Cat+CASTLES-Pro,109.06559999999996,240
238,MD-Cat+CASTLES-Pro,109.09069999999997,241
239,MD-Cat+CASTLES-Pro,109.12609999999998,242
240,MD-Cat+CASTLES-Pro,109.20249999999999,243
241,MD-Cat+CASTLES-Pro,109.26389999999998,244
242,MD-Cat+CASTLES-Pro,109.41589999999997,245
243,MD-Cat+CASTLES-Pro,109.47709999999996,246
244,MD-Cat+CASTLES-Pro,109.59759999999997,247
245,MD-Cat+CASTLES-Pro,109.88679999999997,248
246,MD-Cat+CASTLES-Pro,110.0065,249
247,MD-Cat+CASTLES-Pro,110.28789999999996,250
248,MD-Cat+CASTLES-Pro,110.47649999999999,251
249,MD-Cat+CASTLES-Pro,110.62269999999997,252
250,MD-Cat+CASTLES-Pro,110.63499999999998,253
251,MD-Cat+CASTLES-Pro,110.66069999999996,254
252,MD-Cat+CASTLES-Pro,110.68609999999997,255
253,MD-Cat+CASTLES-Pro,110.7441,256
254,MD-Cat+CASTLES-Pro,110.91139999999997,257
255,MD-Cat+CASTLES-Pro,111.00819999999997,258
256,MD-Cat+CASTLES-Pro,111.05599999999997,259
257,MD-Cat+CASTLES-Pro,111.12069999999997,260
258,MD-Cat+CASTLES-Pro,111.40959999999997,261
259,MD-Cat+CASTLES-Pro,111.41839999999999,262
260,MD-Cat+CASTLES-Pro,111.55219999999998,263
261,MD-Cat+CASTLES-Pro,111.77549999999997,264
262,MD-Cat+CASTLES-Pro,111.90939999999996,265
263,MD-Cat+CASTLES-Pro,112.00819999999996,266
264,MD-Cat+CASTLES-Pro,112.01339999999996,267
265,MD-Cat+CASTLES-Pro,112.02949999999997,268
266,MD-Cat+CASTLES-Pro,112.05699999999997,269
267,MD-Cat+CASTLES-Pro,112.09499999999997,270
268,MD-Cat+CASTLES-Pro,112.13129999999997,271
269,MD-Cat+CASTLES-Pro,112.24409999999997,272
270,MD-Cat+CASTLES-Pro,112.52689999999997,273
271,MD-Cat+CASTLES-Pro,112.80929999999996,274
272,MD-Cat+CASTLES-Pro,112.95419999999997,275
273,MD-Cat+CASTLES-Pro,113.43019999999999,276
274,MD-Cat+CASTLES-Pro,113.45909999999996,277
275,MD-Cat+CASTLES-Pro,113.58729999999997,278
276,MD-Cat+CASTLES-Pro,113.70079999999997,279
277,MD-Cat+CASTLES-Pro,113.78949999999996,280
278,MD-Cat+CASTLES-Pro,113.97099999999998,281
279,MD-Cat+CASTLES-Pro,114.00409999999997,282
280,MD-Cat+CASTLES-Pro,114.21549999999998,283
281,MD-Cat+CASTLES-Pro,114.42369999999997,284
282,MD-Cat+CASTLES-Pro,114.52219999999997,285
283,MD-Cat+CASTLES-Pro,114.64929999999997,286
284,MD-Cat+CASTLES-Pro,114.78119999999997,287
285,MD-Cat+CASTLES-Pro,114.97989999999997,288
286,MD-Cat+CASTLES-Pro,115.17479999999996,289
287,MD-Cat+CASTLES-Pro,115.24619999999997,290
288,MD-Cat+CASTLES-Pro,115.37529999999997,291
289,MD-Cat+CASTLES-Pro,115.39659999999998,292
290,MD-Cat+CASTLES-Pro,115.39839999999998,293
291,MD-Cat+CASTLES-Pro,115.48649999999996,294
292,MD-Cat+CASTLES-Pro,115.50589999999997,295
293,MD-Cat+CASTLES-Pro,115.91089999999997,296
294,MD-Cat+CASTLES-Pro,115.96769999999997,297
295,MD-Cat+CASTLES-Pro,116.20709999999997,298
296,MD-Cat+CASTLES-Pro,116.30609999999996,299
297,MD-Cat+CASTLES-Pro,116.30719999999997,300
298,MD-Cat+CASTLES-Pro,116.41939999999997,301
299,MD-Cat+CASTLES-Pro,116.65709999999997,302
300,MD-Cat+CASTLES-Pro,116.74439999999997,303
301,MD-Cat+CASTLES-Pro,116.85919999999997,304
302,MD-Cat+CASTLES-Pro,116.92299999999997,305
303,MD-Cat+CASTLES-Pro,116.95469999999997,306
304,MD-Cat+CASTLES-Pro,117.04059999999997,307
305,MD-Cat+CASTLES-Pro,117.17289999999997,308
306,MD-Cat+CASTLES-Pro,117.21179999999997,309
307,MD-Cat+CASTLES-Pro,117.80299999999997,310
308,MD-Cat+CASTLES-Pro,118.00189999999999,311
309,MD-Cat+CASTLES-Pro,118.00219999999997,312
310,MD-Cat+CASTLES-Pro,118.25569999999996,313
311,MD-Cat+CASTLES-Pro,118.36599999999996,314
312,MD-Cat+CASTLES-Pro,118.58149999999999,315
313,MD-Cat+CASTLES-Pro,118.66679999999997,316
314,MD-Cat+CASTLES-Pro,118.87059999999997,317
315,MD-Cat+CASTLES-Pro,118.93829999999997,318
316,MD-Cat+CASTLES-Pro,119.80319999999998,319
317,MD-Cat+CASTLES-Pro,119.82119999999998,320
318,MD-Cat+CASTLES-Pro,119.95739999999998,321
319,MD-Cat+CASTLES-Pro,120.03089999999999,322
320,MD-Cat+CASTLES-Pro,120.18429999999998,323
321,MD-Cat+CASTLES-Pro,120.41819999999997,324
322,MD-Cat+CASTLES-Pro,120.51089999999996,325
323,MD-Cat+CASTLES-Pro,120.71969999999999,326
324,MD-Cat+CASTLES-Pro,120.87799999999996,327
325,MD-Cat+CASTLES-Pro,121.01309999999998,328
326,MD-Cat+CASTLES-Pro,121.06769999999997,329
327,MD-Cat+CASTLES-Pro,121.46799999999996,330
328,MD-Cat+CASTLES-Pro,121.53669999999997,331
329,MD-Cat+CASTLES-Pro,121.65409999999997,332
330,MD-Cat+CASTLES-Pro,121.66379999999997,333
331,MD-Cat+CASTLES-Pro,122.51099999999997,334
332,MD-Cat+CASTLES-Pro,122.54059999999998,335
333,MD-Cat+CASTLES-Pro,122.57319999999997,336
334,MD-Cat+CASTLES-Pro,122.59429999999998,337
335,MD-Cat+CASTLES-Pro,122.67039999999997,338
336,MD-Cat+CASTLES-Pro,123.16949999999999,339
337,MD-Cat+CASTLES-Pro,123.65189999999997,340
338,MD-Cat+CASTLES-Pro,123.75409999999997,341
339,MD-Cat+CASTLES-Pro,124.09939999999997,342
340,MD-Cat+CASTLES-Pro,124.14769999999997,343
341,MD-Cat+CASTLES-Pro,124.63859999999997,344
342,MD-Cat+CASTLES-Pro,125.13789999999997,345
343,MD-Cat+CASTLES-Pro,125.26509999999996,346
344,MD-Cat+CASTLES-Pro,125.27509999999997,347
345,MD-Cat+CASTLES-Pro,125.36869999999996,348
346,MD-Cat+CASTLES-Pro,125.59139999999996,349
347,MD-Cat+CASTLES-Pro,125.69229999999996,350
348,MD-Cat+CASTLES-Pro,125.74149999999997,351
349,MD-Cat+CASTLES-Pro,125.74679999999996,352
350,MD-Cat+CASTLES-Pro,126.04229999999997,353
351,MD-Cat+CASTLES-Pro,126.17089999999996,354
352,MD-Cat+CASTLES-Pro,126.36859999999997,355
353,MD-Cat+CASTLES-Pro,126.44139999999997,356
354,MD-Cat+CASTLES-Pro,126.52679999999998,357
355,MD-Cat+CASTLES-Pro,126.70269999999998,358
356,MD-Cat+CASTLES-Pro,126.71189999999997,359
357,MD-Cat+CASTLES-Pro,126.80419999999997,360
358,MD-Cat+CASTLES-Pro,126.88149999999997,361
359,MD-Cat+CASTLES-Pro,127.04309999999998,362
360,MD-Cat+CASTLES-Pro,127.24089999999995,363
361,MD-Cat+CASTLES-Pro,127.28079999999996,359
362,MD-Cat+CASTLES-Pro,127.28079999999997,356
363,MD-Cat+CASTLES-Pro,127.28089999999995,354
364,MD-Cat+CASTLES-Pro,127.28089999999996,346
365,MD-Cat+CASTLES-Pro,127.28089999999997,333
366,MD-Cat+CASTLES-Pro,127.28099999999995,327
367,MD-Cat+CASTLES-Pro,127.28099999999996,294
368,MD-Cat+CASTLES-Pro,127.28099999999998,271
369,MD-Cat+CASTLES-Pro,127.28109999999995,269
370,MD-Cat+CASTLES-Pro,127.28109999999997,257
371,MD-Cat+CASTLES-Pro,127.28109999999998,243
372,MD-Cat+CASTLES-Pro,127.2811,242
373,MD-Cat+CASTLES-Pro,127.28119999999997,210
374,MD-Cat+CASTLES-Pro,127.28119999999998,163
375,MD-Cat+CASTLES-Pro,127.2812,158
376,MD-Cat+CASTLES-Pro,127.28120000000001,157
377,MD-Cat+CASTLES-Pro,127.28129999999996,125
378,MD-Cat+CASTLES-Pro,127.28129999999997,75
379,MD-Cat+CASTLES-Pro,127.28129999999999,50
380,MD-Cat+CASTLES-Pro,127.2813,48
381,MD-Cat+CASTLES-Pro,127.28139999999996,19
382,MD-Cat+CASTLES-Pro,127.28139999999998,6
383,MD-Cat+CASTLES-Pro,127.28139999999999,0
384,MD-Cat+Concat(RAxML),24.22129999999997,2
385,MD-Cat+Concat(RAxML),44.59309999999997,3
386,MD-Cat+Concat(RAxML),58.45049999999997,4
387,MD-Cat+Concat(RAxML),58.62009999999997,5
388,MD-Cat+Concat(RAxML),58.73419999999997,6
389,MD-Cat+Concat(RAxML),59.14109999999997,7
390,MD-Cat+Concat(RAxML),59.15179999999997,8
391,MD-Cat+Concat(RAxML),59.22279999999997,9
392,MD-Cat+Concat(RAxML),59.29109999999997,10
393,MD-Cat+Concat(RAxML),59.41709999999997,11
394,MD-Cat+Concat(RAxML),59.51839999999997,12
395,MD-Cat+Concat(RAxML),59.541199999999975,13
396,MD-Cat+Concat(RAxML),59.549799999999976,14
397,MD-Cat+Concat(RAxML),59.593399999999974,15
398,MD-Cat+Concat(RAxML),59.75459999999997,16
399,MD-Cat+Concat(RAxML),60.05469999999997,17
400,MD-Cat+Concat(RAxML),60.10589999999998,18
401,MD-Cat+Concat(RAxML),60.25539999999997,19
402,MD-Cat+Concat(RAxML),60.888799999999975,20
403,MD-Cat+Concat(RAxML),60.94529999999997,21
404,MD-Cat+Concat(RAxML),61.046099999999974,22
405,MD-Cat+Concat(RAxML),61.430999999999976,23
406,MD-Cat+Concat(RAxML),61.49939999999997,24
407,MD-Cat+Concat(RAxML),61.50109999999997,25
408,MD-Cat+Concat(RAxML),61.71549999999998,26
409,MD-Cat+Concat(RAxML),62.21469999999998,27
410,MD-Cat+Concat(RAxML),62.349399999999974,28
411,MD-Cat+Concat(RAxML),62.88179999999998,29
412,MD-Cat+Concat(RAxML),63.01229999999998,30
413,MD-Cat+Concat(RAxML),63.16709999999998,31
414,MD-Cat+Concat(RAxML),63.220999999999975,32
415,MD-Cat+Concat(RAxML),63.769999999999975,33
416,MD-Cat+Concat(RAxML),63.960299999999975,34
417,MD-Cat+Concat(RAxML),64.24369999999998,35
418,MD-Cat+Concat(RAxML),64.55699999999997,36
419,MD-Cat+Concat(RAxML),65.28119999999997,37
420,MD-Cat+Concat(RAxML),66.26109999999998,38
421,MD-Cat+Concat(RAxML),66.26209999999998,39
422,MD-Cat+Concat(RAxML),66.34639999999997,40
423,MD-Cat+Concat(RAxML),66.52109999999998,41
424,MD-Cat+Concat(RAxML),67.04599999999996,42
425,MD-Cat+Concat(RAxML),67.37119999999997,43
426,MD-Cat+Concat(RAxML),67.44909999999997,44
427,MD-Cat+Concat(RAxML),67.46109999999999,45
428,MD-Cat+Concat(RAxML),69.35889999999998,46
429,MD-Cat+Concat(RAxML),69.40109999999999,47
430,MD-Cat+Concat(RAxML),69.55779999999997,48
431,MD-Cat+Concat(RAxML),69.65289999999997,49
432,MD-Cat+Concat(RAxML),70.60109999999997,51
433,MD-Cat+Concat(RAxML),70.67109999999997,52
434,MD-Cat+Concat(RAxML),71.45109999999997,53
435,MD-Cat+Concat(RAxML),72.00469999999999,54
436,MD-Cat+Concat(RAxML),72.26089999999996,55
437,MD-Cat+Concat(RAxML),72.63869999999997,56
438,MD-Cat+Concat(RAxML),72.97829999999998,57
439,MD-Cat+Concat(RAxML),72.98259999999996,58
440,MD-Cat+Concat(RAxML),73.75139999999996,59
441,MD-Cat+Concat(RAxML),74.23129999999998,60
442,MD-Cat+Concat(RAxML),74.30439999999997,61
443,MD-Cat+Concat(RAxML),74.41739999999997,62
444,MD-Cat+Concat(RAxML),74.51419999999996,63
445,MD-Cat+Concat(RAxML),75.16259999999997,64
446,MD-Cat+Concat(RAxML),76.28739999999998,65
447,MD-Cat+Concat(RAxML),76.29129999999998,66
448,MD-Cat+Concat(RAxML),76.62049999999998,67
449,MD-Cat+Concat(RAxML),79.45199999999997,68
450,MD-Cat+Concat(RAxML),80.45309999999998,69
451,MD-Cat+Concat(RAxML),80.96249999999998,70
452,MD-Cat+Concat(RAxML),85.42969999999997,71
453,MD-Cat+Concat(RAxML),86.48689999999998,72
454,MD-Cat+Concat(RAxML),87.30119999999997,73
455,MD-Cat+Concat(RAxML),87.92399999999996,74
456,MD-Cat+Concat(RAxML),88.17869999999998,75
457,MD-Cat+Concat(RAxML),88.78099999999998,76
458,MD-Cat+Concat(RAxML),88.78269999999998,77
459,MD-Cat+Concat(RAxML),89.43349999999998,78
460,MD-Cat+Concat(RAxML),90.17079999999997,79
461,MD-Cat+Concat(RAxML),91.00119999999997,80
462,MD-Cat+Concat(RAxML),91.84939999999997,81
463,MD-Cat+Concat(RAxML),91.88109999999998,82
464,MD-Cat+Concat(RAxML),93.11109999999998,83
465,MD-Cat+Concat(RAxML),93.28399999999998,84
466,MD-Cat+Concat(RAxML),93.30109999999998,85
467,MD-Cat+Concat(RAxML),93.57229999999997,86
468,MD-Cat+Concat(RAxML),93.57549999999998,87
469,MD-Cat+Concat(RAxML),93.76489999999998,88
470,MD-Cat+Concat(RAxML),93.87549999999997,89
471,MD-Cat+Concat(RAxML),94.16519999999998,90
472,MD-Cat+Concat(RAxML),94.37119999999997,91
473,MD-Cat+Concat(RAxML),94.81109999999998,92
474,MD-Cat+Concat(RAxML),95.08179999999997,93
475,MD-Cat+Concat(RAxML),95.28639999999997,94
476,MD-Cat+Concat(RAxML),95.28899999999999,95
477,MD-Cat+Concat(RAxML),95.30429999999997,96
478,MD-Cat+Concat(RAxML),95.78679999999997,97
479,MD-Cat+Concat(RAxML),96.16189999999997,98
480,MD-Cat+Concat(RAxML),96.34999999999997,99
481,MD-Cat+Concat(RAxML),96.62199999999997,100
482,MD-Cat+Concat(RAxML),96.66179999999997,101
483,MD-Cat+Concat(RAxML),96.75789999999998,102
484,MD-Cat+Concat(RAxML),96.80949999999997,103
485,MD-Cat+Concat(RAxML),97.00619999999996,104
486,MD-Cat+Concat(RAxML),97.01719999999997,105
487,MD-Cat+Concat(RAxML),97.25899999999997,106
488,MD-Cat+Concat(RAxML),97.47969999999998,107
489,MD-Cat+Concat(RAxML),97.73799999999997,108
490,MD-Cat+Concat(RAxML),98.30899999999997,109
491,MD-Cat+Concat(RAxML),99.04149999999997,110
492,MD-Cat+Concat(RAxML),99.20389999999996,111
493,MD-Cat+Concat(RAxML),99.35029999999998,112
494,MD-Cat+Concat(RAxML),99.37119999999997,113
495,MD-Cat+Concat(RAxML),99.42319999999997,114
496,MD-Cat+Concat(RAxML),99.46129999999997,115
497,MD-Cat+Concat(RAxML),99.59539999999998,116
498,MD-Cat+Concat(RAxML),99.65739999999997,117
499,MD-Cat+Concat(RAxML),99.79429999999996,118
500,MD-Cat+Concat(RAxML),99.89269999999996,119
501,MD-Cat+Concat(RAxML),100.05429999999997,120
502,MD-Cat+Concat(RAxML),100.16659999999997,121
503,MD-Cat+Concat(RAxML),100.24899999999997,122
504,MD-Cat+Concat(RAxML),100.51109999999997,123
505,MD-Cat+Concat(RAxML),100.52549999999997,124
506,MD-Cat+Concat(RAxML),100.77149999999997,125
507,MD-Cat+Concat(RAxML),101.03109999999997,126
508,MD-Cat+Concat(RAxML),101.03269999999998,127
509,MD-Cat+Concat(RAxML),101.14419999999998,128
510,MD-Cat+Concat(RAxML),101.29409999999997,129
511,MD-Cat+Concat(RAxML),101.34899999999998,130
512,MD-Cat+Concat(RAxML),101.45029999999997,131
513,MD-Cat+Concat(RAxML),101.51449999999997,132
514,MD-Cat+Concat(RAxML),101.55089999999998,133
515,MD-Cat+Concat(RAxML),101.59699999999998,134
516,MD-Cat+Concat(RAxML),101.63149999999997,135
517,MD-Cat+Concat(RAxML),101.64719999999997,136
518,MD-Cat+Concat(RAxML),101.67289999999998,137
519,MD-Cat+Concat(RAxML),101.81219999999998,138
520,MD-Cat+Concat(RAxML),101.83699999999997,139
521,MD-Cat+Concat(RAxML),101.84389999999999,140
522,MD-Cat+Concat(RAxML),101.84729999999998,141
523,MD-Cat+Concat(RAxML),101.88209999999997,142
524,MD-Cat+Concat(RAxML),101.88889999999998,143
525,MD-Cat+Concat(RAxML),101.99109999999999,144
526,MD-Cat+Concat(RAxML),102.0495,145
527,MD-Cat+Concat(RAxML),102.05749999999998,146
528,MD-Cat+Concat(RAxML),102.07109999999997,147
529,MD-Cat+Concat(RAxML),102.11309999999999,148
530,MD-Cat+Concat(RAxML),102.14389999999997,149
531,MD-Cat+Concat(RAxML),102.17879999999997,150
532,MD-Cat+Concat(RAxML),102.18489999999997,151
533,MD-Cat+Concat(RAxML),102.25709999999998,152
534,MD-Cat+Concat(RAxML),102.38659999999997,153
535,MD-Cat+Concat(RAxML),102.45649999999996,154
536,MD-Cat+Concat(RAxML),102.46489999999999,155
537,MD-Cat+Concat(RAxML),102.59639999999999,156
538,MD-Cat+Concat(RAxML),102.75769999999999,157
539,MD-Cat+Concat(RAxML),102.84109999999997,158
540,MD-Cat+Concat(RAxML),102.92059999999998,159
541,MD-Cat+Concat(RAxML),102.99979999999996,160
542,MD-Cat+Concat(RAxML),103.16749999999998,161
543,MD-Cat+Concat(RAxML),103.18129999999996,162
544,MD-Cat+Concat(RAxML),103.18869999999998,163
545,MD-Cat+Concat(RAxML),103.27319999999997,164
546,MD-Cat+Concat(RAxML),103.30979999999998,165
547,MD-Cat+Concat(RAxML),103.39989999999999,166
548,MD-Cat+Concat(RAxML),103.56449999999997,167
549,MD-Cat+Concat(RAxML),103.84619999999998,168
550,MD-Cat+Concat(RAxML),103.87039999999998,169
551,MD-Cat+Concat(RAxML),103.87779999999998,170
552,MD-Cat+Concat(RAxML),104.08809999999997,171
553,MD-Cat+Concat(RAxML),104.17869999999998,172
554,MD-Cat+Concat(RAxML),104.22889999999998,173
555,MD-Cat+Concat(RAxML),104.23699999999997,174
556,MD-Cat+Concat(RAxML),104.26869999999998,175
557,MD-Cat+Concat(RAxML),104.34029999999997,176
558,MD-Cat+Concat(RAxML),104.37619999999997,177
559,MD-Cat+Concat(RAxML),104.54119999999996,178
560,MD-Cat+Concat(RAxML),104.56109999999998,179
561,MD-Cat+Concat(RAxML),104.56479999999998,180
562,MD-Cat+Concat(RAxML),104.85649999999998,181
563,MD-Cat+Concat(RAxML),104.96599999999998,182
564,MD-Cat+Concat(RAxML),105.04109999999996,183
565,MD-Cat+Concat(RAxML),105.08439999999999,184
566,MD-Cat+Concat(RAxML),105.12339999999998,185
567,MD-Cat+Concat(RAxML),105.18119999999998,186
568,MD-Cat+Concat(RAxML),105.19759999999995,187
569,MD-Cat+Concat(RAxML),105.21029999999998,188
570,MD-Cat+Concat(RAxML),105.30639999999997,189
571,MD-Cat+Concat(RAxML),105.33219999999999,190
572,MD-Cat+Concat(RAxML),105.37549999999999,191
573,MD-Cat+Concat(RAxML),105.47019999999999,192
574,MD-Cat+Concat(RAxML),105.58109999999998,193
575,MD-Cat+Concat(RAxML),105.7066,194
576,MD-Cat+Concat(RAxML),105.74989999999998,195
577,MD-Cat+Concat(RAxML),105.78379999999997,196
578,MD-Cat+Concat(RAxML),105.90629999999997,197
579,MD-Cat+Concat(RAxML),105.93749999999999,198
580,MD-Cat+Concat(RAxML),106.0698,199
581,MD-Cat+Concat(RAxML),106.08509999999998,200
582,MD-Cat+Concat(RAxML),106.20719999999999,201
583,MD-Cat+Concat(RAxML),106.29089999999998,202
584,MD-Cat+Concat(RAxML),106.30619999999998,203
585,MD-Cat+Concat(RAxML),106.33399999999997,204
586,MD-Cat+Concat(RAxML),106.62359999999997,205
587,MD-Cat+Concat(RAxML),106.63479999999997,206
588,MD-Cat+Concat(RAxML),106.73799999999999,207
589,MD-Cat+Concat(RAxML),106.79159999999997,208
590,MD-Cat+Concat(RAxML),106.875,209
591,MD-Cat+Concat(RAxML),106.94229999999997,210
592,MD-Cat+Concat(RAxML),106.96509999999996,211
593,MD-Cat+Concat(RAxML),107.2229,212
594,MD-Cat+Concat(RAxML),107.26799999999997,213
595,MD-Cat+Concat(RAxML),107.44049999999999,214
596,MD-Cat+Concat(RAxML),107.50809999999998,215
597,MD-Cat+Concat(RAxML),107.56789999999997,216
598,MD-Cat+Concat(RAxML),107.56909999999998,217
599,MD-Cat+Concat(RAxML),107.70849999999997,218
600,MD-Cat+Concat(RAxML),107.76009999999998,219
601,MD-Cat+Concat(RAxML),107.76109999999997,220
602,MD-Cat+Concat(RAxML),107.77909999999999,221
603,MD-Cat+Concat(RAxML),107.81059999999998,222
604,MD-Cat+Concat(RAxML),107.83619999999998,223
605,MD-Cat+Concat(RAxML),107.94729999999997,224
606,MD-Cat+Concat(RAxML),107.9644,225
607,MD-Cat+Concat(RAxML),108.32699999999998,226
608,MD-Cat+Concat(RAxML),108.38989999999998,227
609,MD-Cat+Concat(RAxML),108.44659999999998,228
610,MD-Cat+Concat(RAxML),108.45909999999998,229
611,MD-Cat+Concat(RAxML),108.52499999999998,230
612,MD-Cat+Concat(RAxML),108.76089999999998,231
613,MD-Cat+Concat(RAxML),108.80419999999997,232
614,MD-Cat+Concat(RAxML),108.80959999999997,233
615,MD-Cat+Concat(RAxML),108.92859999999996,234
616,MD-Cat+Concat(RAxML),109.23219999999996,235
617,MD-Cat+Concat(RAxML),109.25979999999998,236
618,MD-Cat+Concat(RAxML),109.51229999999998,237
619,MD-Cat+Concat(RAxML),109.5334,238
620,MD-Cat+Concat(RAxML),109.64179999999996,239
621,MD-Cat+Concat(RAxML),109.64279999999998,240
622,MD-Cat+Concat(RAxML),109.67079999999999,241
623,MD-Cat+Concat(RAxML),109.74589999999999,242
624,MD-Cat+Concat(RAxML),109.85429999999997,243
625,MD-Cat+Concat(RAxML),109.85549999999998,244
626,MD-Cat+Concat(RAxML),110.20129999999996,245
627,MD-Cat+Concat(RAxML),110.20509999999996,246
628,MD-Cat+Concat(RAxML),110.33139999999997,247
629,MD-Cat+Concat(RAxML),110.51539999999996,248
630,MD-Cat+Concat(RAxML),110.51689999999998,249
631,MD-Cat+Concat(RAxML),110.51769999999998,250
632,MD-Cat+Concat(RAxML),110.57769999999996,251
633,MD-Cat+Concat(RAxML),110.60489999999997,252
634,MD-Cat+Concat(RAxML),110.69779999999999,253
635,MD-Cat+Concat(RAxML),110.75749999999998,254
636,MD-Cat+Concat(RAxML),110.79189999999996,255
637,MD-Cat+Concat(RAxML),111.00049999999997,256
638,MD-Cat+Concat(RAxML),111.08069999999998,257
639,MD-Cat+Concat(RAxML),111.40789999999997,258
640,MD-Cat+Concat(RAxML),111.43229999999996,259
641,MD-Cat+Concat(RAxML),111.50389999999997,260
642,MD-Cat+Concat(RAxML),111.64099999999996,261
643,MD-Cat+Concat(RAxML),111.75689999999996,262
644,MD-Cat+Concat(RAxML),111.82979999999998,263
645,MD-Cat+Concat(RAxML),112.03729999999997,264
646,MD-Cat+Concat(RAxML),112.09279999999997,265
647,MD-Cat+Concat(RAxML),112.24739999999998,266
648,MD-Cat+Concat(RAxML),112.25159999999998,267
649,MD-Cat+Concat(RAxML),112.278,268
650,MD-Cat+Concat(RAxML),112.51419999999997,269
651,MD-Cat+Concat(RAxML),112.59279999999995,270
652,MD-Cat+Concat(RAxML),112.67529999999995,271
653,MD-Cat+Concat(RAxML),112.68289999999996,272
654,MD-Cat+Concat(RAxML),112.79179999999998,273
655,MD-Cat+Concat(RAxML),112.83639999999998,274
656,MD-Cat+Concat(RAxML),112.90189999999997,275
657,MD-Cat+Concat(RAxML),112.92839999999997,276
658,MD-Cat+Concat(RAxML),113.06169999999997,277
659,MD-Cat+Concat(RAxML),113.07659999999997,278
660,MD-Cat+Concat(RAxML),113.28029999999998,279
661,MD-Cat+Concat(RAxML),113.28359999999996,280
662,MD-Cat+Concat(RAxML),113.29399999999998,281
663,MD-Cat+Concat(RAxML),113.38359999999997,282
664,MD-Cat+Concat(RAxML),113.42689999999996,283
665,MD-Cat+Concat(RAxML),113.59119999999997,284
666,MD-Cat+Concat(RAxML),113.59659999999998,285
667,MD-Cat+Concat(RAxML),113.66959999999997,286
668,MD-Cat+Concat(RAxML),113.67949999999998,287
669,MD-Cat+Concat(RAxML),113.74719999999996,288
670,MD-Cat+Concat(RAxML),113.79839999999999,289
671,MD-Cat+Concat(RAxML),114.11479999999997,290
672,MD-Cat+Concat(RAxML),114.48169999999996,291
673,MD-Cat+Concat(RAxML),114.63429999999998,292
674,MD-Cat+Concat(RAxML),114.78099999999998,293
675,MD-Cat+Concat(RAxML),114.87599999999998,294
676,MD-Cat+Concat(RAxML),115.06309999999996,295
677,MD-Cat+Concat(RAxML),115.17259999999999,296
678,MD-Cat+Concat(RAxML),115.78689999999997,297
679,MD-Cat+Concat(RAxML),115.87129999999996,298
680,MD-Cat+Concat(RAxML),115.91119999999997,299
681,MD-Cat+Concat(RAxML),116.07769999999998,300
682,MD-Cat+Concat(RAxML),116.22569999999996,301
683,MD-Cat+Concat(RAxML),116.29549999999996,302
684,MD-Cat+Concat(RAxML),116.61679999999997,303
685,MD-Cat+Concat(RAxML),116.62219999999999,304
686,MD-Cat+Concat(RAxML),116.7999,305
687,MD-Cat+Concat(RAxML),117.00029999999998,306
688,MD-Cat+Concat(RAxML),117.05979999999997,307
689,MD-Cat+Concat(RAxML),117.11929999999997,308
690,MD-Cat+Concat(RAxML),117.31189999999997,309
691,MD-Cat+Concat(RAxML),117.45429999999996,310
692,MD-Cat+Concat(RAxML),117.57169999999996,311
693,MD-Cat+Concat(RAxML),117.62359999999997,312
694,MD-Cat+Concat(RAxML),117.80109999999998,313
695,MD-Cat+Concat(RAxML),117.96399999999997,314
696,MD-Cat+Concat(RAxML),118.05669999999999,315
697,MD-Cat+Concat(RAxML),118.21469999999998,316
698,MD-Cat+Concat(RAxML),118.26929999999997,317
699,MD-Cat+Concat(RAxML),118.42589999999997,318
700,MD-Cat+Concat(RAxML),118.60569999999997,319
701,MD-Cat+Concat(RAxML),118.88659999999997,320
702,MD-Cat+Concat(RAxML),118.90339999999999,321
703,MD-Cat+Concat(RAxML),119.13189999999997,322
704,MD-Cat+Concat(RAxML),119.61119999999997,323
705,MD-Cat+Concat(RAxML),119.82129999999997,324
706,MD-Cat+Concat(RAxML),119.90219999999998,325
707,MD-Cat+Concat(RAxML),119.96549999999995,326
708,MD-Cat+Concat(RAxML),120.10999999999996,327
709,MD-Cat+Concat(RAxML),120.17449999999998,328
710,MD-Cat+Concat(RAxML),120.30709999999998,329
711,MD-Cat+Concat(RAxML),120.35569999999997,330
712,MD-Cat+Concat(RAxML),120.77819999999997,331
713,MD-Cat+Concat(RAxML),120.89289999999998,332
714,MD-Cat+Concat(RAxML),121.03339999999996,333
715,MD-Cat+Concat(RAxML),121.09299999999998,334
716,MD-Cat+Concat(RAxML),121.40469999999996,335
717,MD-Cat+Concat(RAxML),122.12939999999996,336
718,MD-Cat+Concat(RAxML),122.58629999999997,337
719,MD-Cat+Concat(RAxML),122.89929999999997,338
720,MD-Cat+Concat(RAxML),123.45289999999996,339
721,MD-Cat+Concat(RAxML),123.47159999999997,340
722,MD-Cat+Concat(RAxML),123.74179999999998,341
723,MD-Cat+Concat(RAxML),123.82189999999996,342
724,MD-Cat+Concat(RAxML),123.88239999999998,343
725,MD-Cat+Concat(RAxML),124.07509999999998,344
726,MD-Cat+Concat(RAxML),124.27579999999998,345
727,MD-Cat+Concat(RAxML),124.42179999999999,346
728,MD-Cat+Concat(RAxML),124.84919999999998,347
729,MD-Cat+Concat(RAxML),124.85499999999998,348
730,MD-Cat+Concat(RAxML),124.99059999999996,349
731,MD-Cat+Concat(RAxML),125.00909999999995,350
732,MD-Cat+Concat(RAxML),125.06219999999998,351
733,MD-Cat+Concat(RAxML),125.13659999999996,352
734,MD-Cat+Concat(RAxML),125.18849999999996,353
735,MD-Cat+Concat(RAxML),125.21879999999996,354
736,MD-Cat+Concat(RAxML),125.31019999999998,355
737,MD-Cat+Concat(RAxML),125.51019999999997,356
738,MD-Cat+Concat(RAxML),125.88259999999995,357
739,MD-Cat+Concat(RAxML),126.17379999999997,358
740,MD-Cat+Concat(RAxML),126.26979999999998,359
741,MD-Cat+Concat(RAxML),126.46579999999997,360
742,MD-Cat+Concat(RAxML),126.49819999999994,361
743,MD-Cat+Concat(RAxML),126.60399999999996,362
744,MD-Cat+Concat(RAxML),127.20119999999997,363
745,MD-Cat+Concat(RAxML),127.28099999999993,361
746,MD-Cat+Concat(RAxML),127.28099999999995,354
747,MD-Cat+Concat(RAxML),127.28099999999996,339
748,MD-Cat+Concat(RAxML),127.28099999999998,312
749,MD-Cat+Concat(RAxML),127.28099999999999,304
750,MD-Cat+Concat(RAxML),127.28109999999995,297
751,MD-Cat+Concat(RAxML),127.28109999999997,206
752,MD-Cat+Concat(RAxML),127.28109999999998,133
753,MD-Cat+Concat(RAxML),127.2811,125
754,MD-Cat+Concat(RAxML),127.28110000000001,123
755,MD-Cat+Concat(RAxML),127.28119999999996,111
756,MD-Cat+Concat(RAxML),127.28119999999997,59
757,MD-Cat+Concat(RAxML),127.28119999999998,46
758,MD-Cat+Concat(RAxML),127.2812,43
759,MD-Cat+Concat(RAxML),127.28129999999996,36
760,MD-Cat+Concat(RAxML),127.28129999999997,23
761,MD-Cat+Concat(RAxML),127.28129999999999,12
762,MD-Cat+Concat(RAxML),127.2813,10
763,MD-Cat+Concat(RAxML),127.28139999999998,1
764,MD-Cat+Concat(RAxML),127.28139999999999,0
